
-- ----------------------------
-- Table structure for department
-- ----------------------------
DROP TABLE IF EXISTS `department`;
CREATE TABLE `department` (
  `id` int(11) NOT NULL AUTO_INCREMENT,
  `name` varchar(255) DEFAULT NULL,
  PRIMARY KEY (`id`)
) ;

INSERT INTO `department` VALUES (1, '部门1');
INSERT INTO `department` VALUES (2, '部门2');
INSERT INTO `department` VALUES (3, '部门3');
-- ----------------------------
-- Table structure for role
-- ----------------------------
DROP TABLE IF EXISTS `role`;
CREATE TABLE `role` (
  `id` int(11) NOT NULL AUTO_INCREMENT,
  `name` varchar(255) DEFAULT NULL,
  PRIMARY KEY (`id`)
) ;

-- ----------------------------
-- Records of role
-- ----------------------------

INSERT INTO `role` VALUES (1, '经理');
INSERT INTO `role` VALUES (2, '行政');
INSERT INTO `role` VALUES (3, '运维');
INSERT INTO `role` VALUES (4, '程序员');


-- ----------------------------
-- Table structure for beetlSQLSysUser
-- ----------------------------
DROP TABLE IF EXISTS `sys_user`;
CREATE TABLE `sys_user` (
  `id` int(11) NOT NULL AUTO_INCREMENT,
  `name` varchar(255) DEFAULT NULL,
  `department_id` int(11) DEFAULT NULL,
  `create_time` datetime DEFAULT NULL,
  PRIMARY KEY (`id`)
) ;

-- ----------------------------
-- Records of sys_user
-- ----------------------------
BEGIN;
INSERT INTO `sys_user` VALUES (1, 'lijz', 1, NULL);
INSERT INTO `sys_user` VALUES (2, 'lucy', 1, NULL);
INSERT INTO `sys_user` VALUES (3, 'bear', 2, NULL);
INSERT INTO `sys_user` VALUES (4, 'mike', 1, NULL);
INSERT INTO `sys_user` VALUES (5, 'lisan', 1, NULL);
INSERT INTO `sys_user` VALUES (6, 'xb', 1, NULL);
INSERT INTO `sys_user` VALUES (7, 'duanwu', 2, NULL);
INSERT INTO `sys_user` VALUES (8, 'fenh', 1, NULL);
INSERT INTO `sys_user` VALUES (9, 'lj', 2, NULL);
INSERT INTO `sys_user` VALUES (10, 'gshen', 1, NULL);
INSERT INTO `sys_user` VALUES (11, 'lihui', 1, NULL);
COMMIT;

-- ----------------------------
-- Table structure for user_role
-- ----------------------------
DROP TABLE IF EXISTS `user_role`;
CREATE TABLE `user_role` (
  `id` int(11) NOT NULL AUTO_INCREMENT,
  `user_id` int(11) DEFAULT NULL,
  `role_id` int(11) DEFAULT NULL,
  PRIMARY KEY (`id`)
) ;


INSERT INTO `user_role` VALUES (1, 1, 2);
INSERT INTO `user_role` VALUES (2, 2, 1);
INSERT INTO `user_role` VALUES (12, 1, 1);
INSERT INTO `user_role` VALUES (13, 2, 2);
INSERT INTO `user_role` VALUES (3, 3, 1);
INSERT INTO `user_role` VALUES (4, 4, 1);
INSERT INTO `user_role` VALUES (5, 5, 3);
INSERT INTO `user_role` VALUES (6, 6, 2);
INSERT INTO `user_role` VALUES (7, 7, 1);
INSERT INTO `user_role` VALUES (8, 8, 3);
INSERT INTO `user_role` VALUES (9, 9, 3);
INSERT INTO `user_role` VALUES (10, 10, 1);
INSERT INTO `user_role` VALUES (11, 11, 2);
INSERT INTO `user_role` VALUES (14, 3, 3);

